rank,name,position,team,adp,high,low,stdev,bye,source
1,Jahmyr Gibbs,RB,DET,1.5,1,4,0.7,6,ffc
2,Bijan Robinson,RB,ATL,2.3,1,4,0.6,11,ffc
3,Puka Nacua,WR,LAR,2.9,1,5,0.9,11,ffc
4,Ja'Marr Chase,WR,CIN,4.0,1,8,0.9,6,ffc
5,Jaxon Smith-Njigba,WR,SEA,5.3,3,9,1.2,11,ffc
6,Jonathan Taylor,RB,IND,5.9,3,10,1.6,13,ffc
7,Christian McCaffrey,RB,SF,7.1,3,12,1.8,8,ffc
8,Amon-Ra St. Brown,WR,DET,7.5,3,12,1.6,6,ffc
9,James Cook III,RB,BUF,9.1,4,15,1.9,7,ffc
10,Derrick Henry,RB,BAL,10.2,6,14,1.4,13,ffc
11,De'Von Achane,RB,MIA,11.2,6,15,1.9,6,ffc
12,CeeDee Lamb,WR,DAL,12.2,6,19,2.1,14,ffc
13,Justin Jefferson,WR,MIN,13.4,6,20,2.6,6,ffc
14,Drake London,WR,ATL,13.6,8,18,1.9,11,ffc
15,Chase Brown,RB,CIN,14.3,7,22,2.5,6,ffc
16,Saquon Barkley,RB,PHI,17.1,8,25,3.2,10,ffc
17,A.J. Brown,WR,NE,17.2,10,25,2.6,11,ffc
18,Rashee Rice,WR,KC,17.6,12,29,2.9,5,ffc
19,George Pickens,WR,DAL,18.7,12,25,2.4,14,ffc
20,Kenneth Walker,RB,KC,20.7,11,32,3.6,5,ffc
21,Nico Collins,WR,HOU,21.2,14,35,2.7,8,ffc
22,Omarion Hampton,RB,LAC,22.6,11,34,4.3,7,ffc
23,Chris Olave,WR,NO,22.9,15,50,4.6,8,ffc
24,Ashton Jeanty,RB,LV,23.1,13,37,3.6,13,ffc
25,Zay Flowers,WR,BAL,23.4,18,34,2.6,13,ffc
26,Malik Nabers,WR,NYG,25.5,17,34,3.2,8,ffc
27,Kyren Williams,RB,LAR,27.2,19,34,2.9,11,ffc
28,Jeremiyah Love,RB,ARI,29.5,20,39,3.4,14,ffc
29,Tetairoa McMillan,WR,CAR,30.5,23,57,4.6,5,ffc
30,DeVonta Smith,WR,PHI,30.7,21,42,3.4,10,ffc
31,Garrett Wilson,WR,NYJ,30.9,21,58,4.2,13,ffc
32,Josh Allen,QB,BUF,32.2,11,45,7.8,7,ffc
33,Breece Hall,RB,NYJ,32.9,23,44,3.8,13,ffc
34,Javonte Williams,RB,DAL,33.0,22,43,4.2,14,ffc
35,Tee Higgins,WR,CIN,34.7,24,49,3.7,6,ffc
36,Emeka Egbuka,WR,TB,34.7,22,59,4.5,10,ffc
37,Davante Adams,WR,LAR,37.5,26,48,4.1,11,ffc
38,Travis Etienne Jr.,RB,NO,37.6,26,53,4.4,8,ffc
39,Trey McBride,TE,ARI,37.9,19,50,7.2,14,ffc
40,Jameson Williams,WR,DET,39.3,26,61,5.0,6,ffc
41,Cam Skattebo,RB,NYG,39.3,26,51,5.0,8,ffc
42,Ladd McConkey,WR,LAC,41.1,29,67,4.4,7,ffc
43,Brock Bowers,TE,LV,41.4,17,62,9.2,13,ffc
44,Josh Jacobs,RB,GB,42.4,1,98,22.3,11,ffc
45,D'Andre Swift,RB,CHI,42.8,30,55,5.1,10,ffc
46,Jaylen Waddle,WR,DEN,45.9,30,73,5.9,10,ffc
47,Terry McLaurin,WR,WAS,46.1,34,69,5.3,7,ffc
48,DJ Moore,WR,BUF,47.8,32,66,5.7,7,ffc
49,Bucky Irving,RB,TB,48.7,36,60,4.8,10,ffc
50,Quinshon Judkins,RB,CLE,49.9,35,61,5.6,11,ffc
51,Rome Odunze,WR,CHI,50.1,31,78,7.1,10,ffc
52,Ollie Gordon II,RB,MIA,52.0,52,52,0.0,6,ffc
53,Drake Maye,QB,NE,52.0,28,70,9.2,11,ffc
54,Bhayshul Tuten,RB,JAX,53.0,36,67,6.5,7,ffc
55,Mike Evans,WR,SF,53.3,39,68,5.3,8,ffc
56,Joe Burrow,QB,CIN,54.9,34,75,8.1,6,ffc
57,Christian Watson,WR,GB,55.4,38,83,6.4,11,ffc
58,David Montgomery,RB,HOU,56.1,42,69,5.2,8,ffc
59,Lamar Jackson,QB,BAL,56.4,34,71,8.3,13,ffc
60,Luther Burden III,WR,CHI,56.4,40,88,6.2,10,ffc
61,Colston Loveland,TE,CHI,58.9,34,79,9.3,10,ffc
62,Courtland Sutton,WR,DEN,61.6,48,87,6.6,10,ffc
63,Rhamondre Stevenson,RB,NE,62.2,48,76,5.2,11,ffc
64,Jaylen Warren,RB,PIT,62.6,50,80,5.4,9,ffc
65,Alec Pierce,WR,IND,62.7,47,84,7.6,13,ffc
66,DK Metcalf,WR,PIT,63.7,44,83,7.3,9,ffc
67,TreVeyon Henderson,RB,NE,63.9,47,83,6.4,11,ffc
68,Parker Washington,WR,JAX,64.6,45,93,7.5,7,ffc
69,Dak Prescott,QB,DAL,65.2,47,78,6.7,14,ffc
70,Marvin Harrison Jr.,WR,ARI,65.6,46,90,7.2,14,ffc
71,Tony Pollard,RB,TEN,66.5,52,85,5.5,9,ffc
72,Tyler Warren,TE,IND,71.0,48,89,8.5,13,ffc
73,Jayden Daniels,QB,WAS,72.2,35,110,13.9,7,ffc
74,Jadarian Price,RB,SEA,72.2,46,114,9.8,11,ffc
75,Brian Thomas Jr.,WR,JAX,72.4,52,102,7.8,7,ffc
76,Rico Dowdle,RB,PIT,72.5,55,88,6.7,9,ffc
77,Matthew Stafford,QB,LAR,72.7,36,106,13.8,11,ffc
78,Michael Wilson,WR,ARI,73.5,56,107,7.3,14,ffc
79,Carnell Tate,WR,TEN,75.6,56,96,7.4,9,ffc
80,Chris Godwin Jr.,WR,TB,77.3,55,109,8.4,10,ffc
81,J.K. Dobbins,RB,DEN,80.6,57,102,8.7,10,ffc
82,Harold Fannin Jr.,TE,CLE,81.3,66,93,6.9,11,ffc
83,Jalen Hurts,QB,PHI,81.6,46,115,13.6,10,ffc
84,Michael Pittman Jr.,WR,PIT,81.7,62,99,7.5,9,ffc
85,Seattle Defense,DEF,SEA,82.2,61,100,8.1,11,ffc
86,Brock Purdy,QB,SF,84.0,61,110,12.9,8,ffc
87,Quentin Johnston,WR,LAC,86.3,62,126,9.2,7,ffc
88,Jakobi Meyers,WR,JAX,86.9,68,112,7.1,7,ffc
89,Jayden Reed,WR,GB,87.8,64,128,9.2,11,ffc
90,Chuba Hubbard,RB,CAR,88.9,71,109,9.2,5,ffc
91,Jordan Addison,WR,MIN,89.0,62,116,10.1,6,ffc
92,Tucker Kraft,TE,GB,89.7,54,135,13.4,11,ffc
93,George Kittle,TE,SF,89.7,55,132,13.3,8,ffc
94,Jonathon Brooks,RB,CAR,90.7,63,118,10.6,5,ffc
95,Caleb Williams,QB,CHI,91.2,60,122,12.1,10,ffc
96,Denver Defense,DEF,DEN,92.6,68,111,9.3,10,ffc
97,Trevor Lawrence,QB,JAX,93.0,57,126,13.7,7,ffc
98,Josh Downs,WR,IND,93.5,65,146,10.9,13,ffc
99,Kyle Pitts Sr.,TE,ATL,93.6,60,141,14.8,11,ffc
100,Stefon Diggs,WR,WAS,94.1,68,120,9.9,7,ffc
101,Wan'Dale Robinson,WR,TEN,94.9,71,131,9.0,9,ffc
102,Houston Defense,DEF,HOU,97.6,67,122,11.4,8,ffc
103,Kenny Gainwell,RB,TB,98.2,67,123,11.7,10,ffc
104,Xavier Worthy,WR,KC,99.3,70,143,11.2,5,ffc
105,Romeo Doubs,WR,NE,101.6,72,135,11.0,11,ffc
106,Matthew Golden,WR,GB,101.7,74,132,10.6,11,ffc
107,Jared Goff,QB,DET,102.1,79,131,12.1,6,ffc
108,Jacory Croskey-Merritt,RB,WAS,102.9,71,134,12.0,7,ffc
109,Patrick Mahomes,QB,KC,103.9,69,132,14.0,5,ffc
110,Justin Herbert,QB,LAC,105.8,69,140,14.1,7,ffc
111,Deebo Samuel Sr.,WR,SF,106.5,76,137,11.7,8,ffc
112,Kyle Monangai,RB,CHI,107.1,75,133,12.1,10,ffc
113,LA Rams Defense,DEF,LAR,107.3,79,153,10.7,11,ffc
114,RJ Harvey,RB,DEN,108.0,72,136,13.5,10,ffc
115,Minnesota Defense,DEF,MIN,108.1,94,126,7.8,6,ffc
116,Khalil Shakir,WR,BUF,108.6,85,148,10.0,7,ffc
117,Dallas Goedert,TE,PHI,109.2,48,156,24.8,10,ffc
118,Aaron Jones Sr.,RB,MIN,109.8,73,141,13.9,6,ffc
119,Bo Nix,QB,DEN,112.0,75,136,14.1,10,ffc
120,Jordan Mason,RB,MIN,112.2,75,146,14.2,6,ffc
121,KC Concepcion,WR,CLE,113.8,87,164,10.2,11,ffc
122,Jalen Coker,WR,CAR,115.9,97,150,7.7,5,ffc
123,Sam LaPorta,TE,DET,116.4,64,174,19.8,6,ffc
124,Jaxson Dart,QB,NYG,117.0,69,142,18.1,8,ffc
125,Rashid Shaheed,WR,SEA,119.1,90,163,11.1,11,ffc
126,Blake Corum,RB,LAR,120.7,79,148,15.8,11,ffc
127,Rachaad White,RB,WAS,123.5,87,150,14.0,7,ffc
128,Jerry Jeudy,WR,CLE,123.7,100,147,9.6,11,ffc
129,Travis Kelce,TE,KC,124.2,90,168,18.0,5,ffc
130,De'Zhaun Stribling,WR,SF,125.5,90,150,13.4,8,ffc
131,New England Defense,DEF,NE,126.2,95,169,15.0,11,ffc
132,Jason Myers,PK,SEA,126.5,82,159,24.0,11,ffc
133,MarShawn Lloyd,RB,GB,128.9,56,199,29.3,11,ffc
134,Philadelphia Defense,DEF,PHI,129.5,88,176,16.3,10,ffc
135,Mark Andrews,TE,BAL,130.1,76,158,20.4,13,ffc
136,Tre Tucker,WR,LV,130.2,106,167,10.1,13,ffc
137,Brandon Aubrey,PK,DAL,131.9,76,183,21.3,14,ffc
138,Detroit Defense,DEF,DET,131.9,110,163,12.7,6,ffc
139,Tyjae Spears,RB,TEN,132.3,67,170,25.0,9,ffc
140,Keenan Allen,WR,IND,132.5,84,149,18.4,13,ffc
141,Makai Lemon,WR,PHI,133.0,101,152,12.1,10,ffc
142,Jalen McMillan,WR,TB,134.1,112,150,8.8,10,ffc
143,Zach Charbonnet,RB,SEA,134.8,93,165,15.9,11,ffc
144,Baker Mayfield,QB,TB,135.3,109,154,10.0,10,ffc
145,Kyler Murray,QB,MIN,136.0,105,160,11.9,6,ffc
146,Isaiah Likely,TE,NYG,136.1,85,175,19.3,8,ffc
147,Rashod Bateman,WR,BAL,137.4,100,153,14.1,13,ffc
148,Denzel Boston,WR,CLE,138.7,115,152,9.0,11,ffc
149,Cameron Dicker,PK,LAC,138.8,90,186,22.7,7,ffc
150,Pittsburgh Defense,DEF,PIT,138.8,99,199,15.2,9,ffc
151,Tyler Shough,QB,NO,139.3,111,170,10.6,8,ffc
152,Jake Bates,PK,DET,139.4,111,162,16.6,6,ffc
153,Jake Ferguson,TE,DAL,140.7,84,178,21.8,14,ffc
154,Woody Marks,RB,HOU,140.8,96,172,17.2,8,ffc
155,Calvin Ridley,WR,TEN,141.0,119,167,9.0,9,ffc
156,Jauan Jennings,WR,MIN,141.3,125,151,7.7,6,ffc
157,Dalton Kincaid,TE,BUF,141.5,86,178,21.1,7,ffc
158,Malik Washington,WR,MIA,142.6,104,175,14.6,6,ffc
159,Cam Little,PK,JAX,142.8,96,193,17.7,7,ffc
160,Ka'imi Fairbairn,PK,HOU,143.5,103,162,19.2,8,ffc
161,LA Chargers Defense,DEF,LAC,145.1,112,180,12.7,7,ffc
162,Cyrus Allen,WR,KC,145.3,81,178,29.9,5,ffc
163,Sam Darnold,QB,SEA,145.6,88,173,21.9,11,ffc
164,Chase McLaughlin,PK,TB,145.7,119,165,16.2,10,ffc
165,Harrison Mevis,PK,LAR,146.4,111,165,17.1,11,ffc
166,Braelon Allen,RB,NYJ,146.9,42,183,48.8,13,ffc
167,Jonah Coleman,RB,DEN,148.1,79,193,29.4,10,ffc
168,Brian Robinson,RB,ATL,149.3,87,182,36.9,11,ffc
169,Jordan Love,QB,GB,149.8,112,176,14.4,11,ffc
170,Cooper Kupp,WR,SEA,150.6,116,177,13.1,11,ffc
171,Tyler Loop,PK,BAL,150.8,119,180,15.1,13,ffc
172,Jalen Nailor,WR,LV,151.0,122,177,14.2,13,ffc
173,Chris Rodriguez Jr.,RB,JAX,151.4,109,179,16.7,7,ffc
174,Tyrone Tracy Jr.,RB,NYG,151.6,120,191,20.6,8,ffc
175,Tyler Allgeier,RB,ARI,153.6,111,188,17.9,14,ffc
176,Juwan Johnson,TE,NO,154.0,100,180,20.7,8,ffc
177,Mike Washington Jr.,RB,LV,154.9,93,210,25.1,13,ffc
178,Malachi Fields,WR,NYG,155.5,99,182,24.9,8,ffc
179,Dontayvion Wicks,WR,PHI,155.8,125,178,14.2,10,ffc
180,Trey Smack,PK,GB,156.5,132,178,13.9,11,ffc
181,Oronde Gadsden,TE,LAC,157.0,109,179,24.4,7,ffc
182,Alvin Kamara,RB,NO,157.6,102,188,21.1,8,ffc
183,Kaelon Black,RB,SF,158.0,125,178,18.0,8,ffc
184,Will Reichard,PK,MIN,158.2,114,198,19.3,6,ffc
185,Kayshon Boutte,WR,HOU,158.6,119,180,15.0,8,ffc
186,Isiah Pacheco,RB,DET,158.6,103,197,21.0,6,ffc
187,Jordyn Tyson,WR,NO,158.8,123,179,13.7,8,ffc
188,Jacksonville Defense,DEF,JAX,159.2,119,206,15.2,7,ffc
189,Ryan Flournoy,WR,DAL,159.8,121,179,14.8,14,ffc
190,Tank Bigsby,RB,PHI,159.8,115,187,18.8,10,ffc
191,Adonai Mitchell,WR,NYJ,159.9,136,179,11.9,13,ffc
192,Ray Davis,RB,BUF,160.2,153,178,9.2,7,ffc
193,C.J. Stroud,QB,HOU,160.4,123,191,17.5,8,ffc
194,Tyler Bass,PK,BUF,160.7,106,198,30.7,7,ffc
195,Hunter Henry,TE,NE,161.5,129,192,15.2,11,ffc
196,Daniel Jones,QB,IND,161.9,121,180,15.6,13,ffc
197,Harrison Butker,PK,KC,162.2,113,205,18.7,5,ffc
198,Blake Grupe,PK,NYJ,162.5,139,196,18.9,13,ffc
199,Atlanta Defense,DEF,ATL,162.6,128,199,13.2,11,ffc
200,Brenton Strange,TE,JAX,162.8,122,199,21.5,7,ffc
201,Tank Dell,WR,HOU,163.0,121,180,18.2,8,ffc
202,Troy Franklin,WR,DEN,163.0,138,204,22.7,10,ffc
203,Devaughn Vele,WR,NO,163.1,147,175,9.3,8,ffc
204,Travis Hunter,WR,JAX,163.6,136,179,11.3,7,ffc
205,Dylan Sampson,RB,CLE,163.7,124,189,17.8,11,ffc
206,Jaylin Noel,WR,HOU,164.6,147,194,15.5,8,ffc
207,Keaton Mitchell,RB,LAC,164.8,127,210,20.6,7,ffc
208,Cleveland Defense,DEF,CLE,165.3,135,200,14.0,11,ffc
209,Terrance Ferguson,TE,LAR,166.3,138,180,16.2,11,ffc
210,Ja'Kobi Lane,WR,BAL,167.3,135,202,19.3,13,ffc
211,Malik Willis,QB,MIA,167.4,128,200,14.8,6,ffc
212,Chris Boswell,PK,PIT,167.6,146,178,11.0,9,ffc
213,Dalton Schultz,TE,HOU,167.7,129,200,26.2,8,ffc
214,Buffalo Defense,DEF,BUF,167.8,134,210,14.4,7,ffc
215,Baltimore Defense,DEF,BAL,168.4,109,208,22.8,13,ffc
216,NY Giants Defense,DEF,NYG,168.5,139,204,19.9,8,ffc
217,Eddy Piñeiro,PK,SF,168.6,113,209,22.9,8,ffc
218,Wil Lutz,PK,DEN,169.6,142,206,16.0,10,ffc
219,Bryce Young,QB,CAR,169.9,139,201,23.8,5,ffc
220,Caleb Douglas,WR,MIA,169.9,147,194,20.4,6,ffc
221,Jacoby Brissett,QB,ARI,170.0,116,200,33.5,14,ffc
222,Isaac TeSlaa,WR,DET,171.2,93,203,44.9,6,ffc
223,Emmett Johnson,RB,KC,171.4,154,204,19.7,5,ffc
224,Chig Okonkwo,TE,WAS,171.9,134,210,18.3,7,ffc
225,Evan McPherson,PK,CIN,172.2,136,210,14.6,6,ffc
226,T.J. Hockenson,TE,MIN,172.2,132,194,15.5,6,ffc
227,Dallas Defense,DEF,DAL,172.9,144,197,16.1,14,ffc
228,Chicago Defense,DEF,CHI,173.2,134,202,23.7,10,ffc
229,New Orleans Defense,DEF,NO,179.5,143,204,20.2,8,ffc
230,Andy Borregales,PK,NE,183.2,139,209,26.5,11,ffc
231,Cairo Santos,PK,CHI,184.7,141,209,22.5,10,ffc
232,Tennessee Defense,DEF,TEN,185.4,143,210,16.1,9,ffc
233,Cincinnati Defense,DEF,CIN,188.6,158,210,24.7,6,ffc
1,Jahmyr Gibbs,RB,DET,1.0,1,1,0.00,6,fantasypros
2,Bijan Robinson,RB,ATL,2.0,2,2,0.00,11,fantasypros
3,Ja'Marr Chase,WR,CIN,3.0,3,3,0.00,6,fantasypros
4,Christian McCaffrey,RB,SF,4.67,4,5,0.47,8,fantasypros
5,Puka Nacua,WR,LAR,5.0,4,7,1.41,11,fantasypros
6,Jonathan Taylor,RB,IND,6.0,5,7,0.82,13,fantasypros
7,Jaxon Smith-Njigba,WR,SEA,7.0,6,8,0.82,11,fantasypros
8,Amon-Ra St. Brown,WR,DET,7.33,6,8,0.94,6,fantasypros
9,James Cook III,RB,BUF,9.0,9,9,0.00,7,fantasypros
10,CeeDee Lamb,WR,DAL,11.33,10,13,1.25,14,fantasypros
